{
  "samples": 6513,
  "experiments": {
    "prosody_only": {
      "threshold": 0.00037755569792352617,
      "precision": 0.2771805896805897,
      "recall": 1.0,
      "f1": 0.43405073944932065,
      "auc": 0.44445736260787916,
      "tp": 1805,
      "fp": 4707,
      "tn": 1,
      "fn": 0
    },
    "semantics_only": {
      "threshold": 0.4375,
      "precision": 0.5132175226586103,
      "recall": 0.7529085872576178,
      "f1": 0.6103750280709634,
      "auc": 0.7614244746373828,
      "tp": 1359,
      "fp": 1289,
      "tn": 3419,
      "fn": 446
    },
    "fusion_rule_based": {
      "threshold": 0.3721797466278076,
      "precision": 0.4958825635517365,
      "recall": 0.7673130193905817,
      "f1": 0.6024358416702914,
      "auc": 0.7523296234146158,
      "tp": 1385,
      "fp": 1408,
      "tn": 3300,
      "fn": 420
    },
    "supervised_model": {
      "threshold": 8.068481882617107e-09,
      "precision": 0.2771805896805897,
      "recall": 1.0,
      "f1": 0.43405073944932065,
      "auc": 0.8103455072641135,
      "tp": 1805,
      "fp": 4707,
      "tn": 1,
      "fn": 0
    }
  }
}