{
  "samples": 6513,
  "rule_threshold": 0.5,
  "rule_based": {
    "precision": 0.486318407960199,
    "recall": 0.21662049861495844,
    "f1": 0.29973169796857035,
    "auc": 0.7265716750177101
  },
  "supervised": {
    "threshold": 8.068481882617107e-09,
    "precision": 0.2771805896805897,
    "recall": 1.0,
    "f1": 0.43405073944932065,
    "auc": 0.8103455072641135
  }
}