{
  "threshold": 0.5459809899330139,
  "metrics": {
    "precision": 0.611699164345404,
    "recall": 0.6368909512761021,
    "f1": 0.6240409207161125,
    "auc": 0.7826928849725767,
    "calibrated_threshold": 0.5459809899330139,
    "threshold_precision": 0.611699164345404,
    "threshold_recall": 0.6368909512761021,
    "threshold_f1": 0.6240409207161126,
    "calibration_size": 5434
  }
}